timestamp,hour,day,month,temperature,status,rpm,voltage,current,predicted_power_consumption
2025-05-30 00:00:00,0,30,5,34.13311565600902,1,1158,220.72572331371987,0.209216864750258,45.8935
2025-05-30 01:00:00,1,30,5,32.273910578448145,1,1195,219.4623162054734,0.20497342427363438,44.843499999999985
2025-05-30 02:00:00,2,30,5,33.79878377157881,1,1175,223.13710057219754,0.20371959224239117,44.772399999999976
2025-05-30 03:00:00,3,30,5,30.740216123059657,1,1213,216.79429353211893,0.19877711356334693,43.36679999999999
2025-05-30 04:00:00,4,30,5,31.62151758642944,1,1168,221.47365340457742,0.18027408043008836,41.866699999999966
2025-05-30 05:00:00,5,30,5,32.03962631670229,1,1206,221.25656465886502,0.20039280040577215,44.29819999999998
2025-05-30 06:00:00,6,30,5,29.376268130362863,1,1210,217.16652659974795,0.20493941943291885,44.64130000000001
2025-05-30 07:00:00,7,30,5,30.041744051285715,1,1192,221.45993370467744,0.22516210670151154,49.64369999999996
2025-05-30 08:00:00,8,30,5,33.08614974115376,1,1212,222.38273267038463,0.1886990747954167,42.39719999999997
2025-05-30 09:00:00,9,30,5,33.52305499393569,1,1162,220.72940604966803,0.2139810342154543,47.81120000000001
2025-05-30 10:00:00,10,30,5,33.08162869310659,1,1194,218.86214914933754,0.20238160975924682,44.084699999999984
2025-05-30 11:00:00,11,30,5,33.08055160449097,1,1162,221.4269835912612,0.20395973275840318,45.461900000000014
2025-05-30 12:00:00,12,30,5,32.87101644416032,1,1204,219.65065414343826,0.21443074076641333,47.17670000000001
2025-05-30 13:00:00,13,30,5,28.94932618769094,1,1156,220.13867418122746,0.20797835003043091,46.145
2025-05-30 14:00:00,14,30,5,29.265231155592236,1,1194,220.09803178142917,0.22234156946199096,48.72629999999997
2025-05-30 15:00:00,15,30,5,33.88968754296801,1,1218,225.96052886604983,0.1975353578926842,44.221099999999986
2025-05-30 16:00:00,16,30,5,29.8985149296168,1,1162,216.03002811156182,0.22363260584324313,48.44689999999998
2025-05-30 17:00:00,17,30,5,32.545978827262665,1,1201,219.234525954258,0.22298884410642475,48.664699999999975
2025-05-30 18:00:00,18,30,5,31.746359202025843,1,1178,218.05583838048898,0.22824185004057448,50.382300000000015
2025-05-30 19:00:00,19,30,5,32.218149046757965,1,1219,219.41137234837552,0.20917145461485226,45.31460000000001
2025-05-30 20:00:00,20,30,5,31.206772267312417,1,1157,223.82262938110898,0.21089204157486918,46.75420000000001
2025-05-30 21:00:00,21,30,5,32.26615171661191,1,1154,219.65070863925885,0.19308966961957819,42.384599999999985
2025-05-30 22:00:00,22,30,5,31.530496757218685,1,1202,222.3146799013633,0.22684932993815027,50.806899999999985
2025-05-30 23:00:00,23,30,5,33.327968158083884,1,1176,222.1368356940583,0.22538833726474303,49.99389999999998
2025-05-31 00:00:00,0,31,5,31.918289611004965,1,1192,222.49118168100858,0.2008459181411613,44.207699999999996
2025-05-31 01:00:00,1,31,5,30.77646020729011,1,1164,220.2010436418768,0.2089958746771269,45.72510000000001
2025-05-31 02:00:00,2,31,5,33.63076491647434,1,1185,221.17367446187535,0.21555061268939327,48.3683
2025-05-31 03:00:00,3,31,5,30.288708007869467,1,1212,220.6064802000808,0.19919067072216962,44.1997
2025-05-31 04:00:00,4,31,5,35.330721282855066,1,1174,218.9200632563679,0.20963939518714236,45.740600000000015
2025-05-31 05:00:00,5,31,5,29.564035701302615,1,1161,219.91680401437822,0.19731730860981572,43.826800000000006
2025-05-31 06:00:00,6,31,5,31.006265863265195,1,1171,221.69775628096855,0.19920818251663172,44.4557
2025-05-31 07:00:00,7,31,5,30.74899478381078,1,1182,219.0499604692291,0.21048268885882523,45.65140000000001
2025-05-31 08:00:00,8,31,5,33.458361612318285,1,1158,221.9763700710641,0.2045053355026193,44.82959999999999
2025-05-31 09:00:00,9,31,5,31.84875873387397,1,1176,220.57185313020918,0.20421030494257586,45.53150000000001
2025-05-31 10:00:00,10,31,5,33.856671437957715,1,1199,222.4126299414625,0.2184297117940507,48.57849999999998
2025-05-31 11:00:00,11,31,5,33.29088351843525,1,1179,218.86925520547496,0.20330907135092308,44.20569999999998
2025-05-31 12:00:00,12,31,5,32.84632640441595,1,1162,222.69219734753628,0.20083342446939456,44.4794
2025-05-31 13:00:00,13,31,5,31.35077156375487,1,1182,221.1814770176635,0.19971681718714343,44.29249999999999
2025-05-31 14:00:00,14,31,5,33.27663673647238,1,1151,216.8410274408674,0.21083438244379732,45.166299999999985
2025-05-31 15:00:00,15,31,5,30.964425418882154,1,1205,221.0604856205305,0.2177103458778962,48.5797
2025-05-31 16:00:00,16,31,5,31.94265488794636,1,1216,220.65830964325136,0.21823345343675837,48.48329999999999
2025-05-31 17:00:00,17,31,5,31.747207346664442,1,1213,220.61813264498608,0.22542812303503,49.94420000000001
2025-05-31 18:00:00,18,31,5,32.12964711436052,1,1183,218.60310571317615,0.22375115166632525,48.88199999999999
2025-05-31 19:00:00,19,31,5,28.94444439506058,1,1153,219.16063441493844,0.221921558712298,48.7333
2025-05-31 20:00:00,20,31,5,31.048192283086795,1,1177,218.16223724033543,0.21447475836533428,47.15989999999998
2025-05-31 21:00:00,21,31,5,33.937026983442415,1,1215,217.06639261688633,0.21933170875019187,47.53990000000001
2025-05-31 22:00:00,22,31,5,34.4065479604116,1,1174,219.09460518362425,0.2171881032133326,47.76939999999997
2025-05-31 23:00:00,23,31,5,31.146835756748107,1,1161,221.24555592977654,0.22483961426155988,49.79709999999998
2025-06-01 00:00:00,0,1,6,31.969932954639336,1,1171,216.22992544896582,0.2169916800938979,46.997900000000016
2025-06-01 01:00:00,1,1,6,34.159004998723944,1,1161,218.58210648836203,0.23052498120007564,50.503300000000024
2025-06-01 02:00:00,2,1,6,30.798852999563415,1,1186,220.02908156823082,0.2222835368858753,48.543099999999995
2025-06-01 03:00:00,3,1,6,32.92126154457998,1,1197,222.26237212921654,0.2058011590283046,45.54779999999999
2025-06-01 04:00:00,4,1,6,33.314229548569166,1,1162,220.24332460063658,0.22087279555532538,48.872
2025-06-01 05:00:00,5,1,6,31.211711246202775,1,1211,220.36008965468108,0.23234841619354185,50.67310000000001
2025-06-01 06:00:00,6,1,6,33.844533537867356,1,1162,218.38505671360235,0.1937104459254356,42.813599999999994
2025-06-01 07:00:00,7,1,6,31.715327043670374,1,1185,223.89299129361308,0.2164293747974741,47.55179999999996
2025-06-01 08:00:00,8,1,6,32.06723444118992,1,1182,222.42844358981344,0.21187959298888748,47.36459999999998
2025-06-01 09:00:00,9,1,6,28.583452796957797,1,1185,217.30766050576815,0.2216086242434444,48.27289999999998
2025-06-01 10:00:00,10,1,6,31.099572048304033,1,1169,223.82517971174292,0.21184628866291955,47.3801
2025-06-01 11:00:00,11,1,6,33.01930243766392,1,1157,219.40939627816252,0.21344065381237992,47.0973
2025-06-01 12:00:00,12,1,6,28.788474546132036,1,1178,218.16600092443448,0.21924520093677458,47.12190000000001
2025-06-01 13:00:00,13,1,6,32.44207488396846,1,1207,222.39833824278097,0.21297280968641047,47.265199999999986
2025-06-01 14:00:00,14,1,6,31.534700013676407,1,1191,221.2563856783041,0.22267771030591255,48.283699999999975
2025-06-01 15:00:00,15,1,6,30.64415530647446,1,1197,221.8775556892385,0.21547844178017606,47.39900000000001
2025-06-01 16:00:00,16,1,6,32.874864952787085,1,1165,221.64167545312367,0.20841160782539203,46.41380000000004
2025-06-01 17:00:00,17,1,6,29.692266653223005,1,1165,219.42535240413318,0.20311765932209053,43.56220000000001
2025-06-01 18:00:00,18,1,6,32.91352021195204,1,1204,222.95676289242817,0.1999843474732124,43.761600000000016
2025-06-01 19:00:00,19,1,6,30.694091438279383,1,1195,221.78820569592958,0.2072407272897405,46.57680000000004
2025-06-01 20:00:00,20,1,6,32.73997439498564,1,1167,219.71847067203984,0.21173485912260076,47.27459999999999
2025-06-01 21:00:00,21,1,6,35.208652232485996,1,1201,218.50159796550884,0.22191332087320365,48.44100000000001
2025-06-01 22:00:00,22,1,6,30.765803535470088,1,1153,218.9030141454053,0.21686001773359115,47.56759999999998
2025-06-01 23:00:00,23,1,6,31.31453726239728,1,1202,218.1353365700446,0.18448067948742855,42.37330000000001
2025-06-02 00:00:00,0,2,6,34.88405150276783,1,1199,218.20422081913526,0.2137171212499813,46.882099999999994
2025-06-02 01:00:00,1,2,6,32.091911068919096,1,1213,218.85950369828728,0.21258917705506322,46.69040000000002
2025-06-02 02:00:00,2,2,6,33.18286297105091,1,1182,221.16747316333752,0.20162773576430437,44.511900000000004
2025-06-02 03:00:00,3,2,6,32.01834234222309,1,1186,215.64825502408476,0.2128999666072294,45.704800000000006
2025-06-02 04:00:00,4,2,6,30.853765071672413,1,1192,219.84819976795737,0.21742679086221064,47.43109999999996
2025-06-02 05:00:00,5,2,6,31.205419642752812,1,1169,221.11897051867763,0.20724670666587208,46.36319999999998
2025-06-02 06:00:00,6,2,6,32.00780014715713,1,1151,219.761926014316,0.21678433793624474,47.15419999999998
2025-06-02 07:00:00,7,2,6,33.90720564557154,1,1210,217.43605191872714,0.2062546374572126,44.6786
2025-06-02 08:00:00,8,2,6,29.617223928004293,1,1167,218.26668624699056,0.19378652511115999,42.7279
2025-06-02 09:00:00,9,2,6,32.10971299373448,1,1186,218.83340174762162,0.2138610937852475,46.9133
2025-06-02 10:00:00,10,2,6,33.27808620782936,1,1215,219.73090063940066,0.20410434371061378,45.06780000000001
2025-06-02 11:00:00,11,2,6,32.522016426682846,1,1172,221.14236764473938,0.21677439224192405,47.75749999999997
2025-06-02 12:00:00,12,2,6,31.047816901092677,1,1152,218.78585652608066,0.20880831424967677,45.378299999999996
2025-06-02 13:00:00,13,2,6,32.31873585621376,1,1154,218.08886233176983,0.2149075910359577,46.68539999999998
2025-06-02 14:00:00,14,2,6,30.61290656162194,1,1184,220.54170417781367,0.19897537330137877,43.96300000000002
2025-06-02 15:00:00,15,2,6,30.716740413538368,1,1157,224.08494997731253,0.2025699794455569,44.52829999999998
2025-06-02 16:00:00,16,2,6,28.442392985962545,1,1162,220.21069708259134,0.21766797683018838,47.7627
2025-06-02 17:00:00,17,2,6,31.3187027953458,1,1174,220.96025097956627,0.20937558186997424,46.78850000000004
2025-06-02 18:00:00,18,2,6,30.976862768986688,1,1201,218.00823153743607,0.22102667939301257,48.282899999999984
2025-06-02 19:00:00,19,2,6,31.852056823041742,1,1203,219.89657630544087,0.22296863790702348,48.492899999999985
2025-06-02 20:00:00,20,2,6,34.071297174787986,1,1153,222.13050124399967,0.21551398752926731,47.5401
2025-06-02 21:00:00,21,2,6,32.07834932488275,1,1202,219.21569765151943,0.1895421565079946,42.35040000000001
2025-06-02 22:00:00,22,2,6,34.01338765498944,1,1210,221.5818519940444,0.18839148177514783,42.70120000000001
2025-06-02 23:00:00,23,2,6,29.591824287625894,1,1179,219.34503052619309,0.21993744606242285,48.2131
2025-06-03 00:00:00,0,3,6,32.77808590274726,1,1187,219.24075092739042,0.20195776877605293,43.519500000000015
2025-06-03 01:00:00,1,3,6,30.79821410302388,1,1219,220.2862426043251,0.19794848523127595,44.020300000000006
2025-06-03 02:00:00,2,3,6,32.60550524572504,1,1181,219.6533839289302,0.2261893098109331,49.75599999999999
2025-06-03 03:00:00,3,3,6,34.823545725464015,1,1155,221.98816936098058,0.2011348122116217,44.68899999999998
2025-06-03 04:00:00,4,3,6,31.124281931373147,1,1158,222.05022071115243,0.1998426930372712,44.6347
2025-06-03 05:00:00,5,3,6,33.10471421779282,1,1170,222.2351750027272,0.21246038343603532,47.48829999999998
2025-06-03 06:00:00,6,3,6,35.89515461671483,1,1153,219.2155552383813,0.1919702050864146,42.3877
2025-06-03 07:00:00,7,3,6,31.878099923159454,1,1204,221.02876856545714,0.21777172444304313,47.92609999999998
2025-06-03 08:00:00,8,3,6,31.453760784365716,1,1155,218.25813916149812,0.20471187447379668,44.79930000000001
2025-06-03 09:00:00,9,3,6,31.835512467589304,1,1181,222.41810217472798,0.19989691324054634,44.576
2025-06-03 10:00:00,10,3,6,31.410383481031886,1,1193,221.00568524069558,0.20736740903385006,46.35560000000001
2025-06-03 11:00:00,11,3,6,33.44645622130739,1,1172,222.0524491158311,0.22831006762795109,50.76679999999998
2025-06-03 12:00:00,12,3,6,32.02853555557043,1,1168,220.08193655923878,0.20368697495942467,45.21010000000002
2025-06-03 13:00:00,13,3,6,31.28279530829205,1,1193,218.05442963851715,0.2211229068391825,48.20999999999997
2025-06-03 14:00:00,14,3,6,32.89933879990301,1,1156,218.5619291294233,0.21554875392462203,47.05119999999999
2025-06-03 15:00:00,15,3,6,33.106323345850804,1,1196,219.39930744595475,0.19932273005496667,43.4256
2025-06-03 16:00:00,16,3,6,31.064059422207002,1,1190,219.64039142259165,0.2104582818610069,46.74520000000001
2025-06-03 17:00:00,17,3,6,33.009432830695204,1,1158,218.3456810792395,0.1907432024536814,42.45560000000001
2025-06-03 18:00:00,18,3,6,31.54226599494396,1,1204,222.00145859578345,0.22067610221708278,48.30899999999994
2025-06-03 19:00:00,19,3,6,32.582490097874,1,1185,223.66891177108812,0.20675208350991067,46.25760000000004
2025-06-03 20:00:00,20,3,6,30.237401110447262,1,1164,219.33382735955723,0.196391206743824,43.16179999999999
2025-06-03 21:00:00,21,3,6,29.271182013682196,1,1215,218.4395111791894,0.21607421512162353,47.1814
2025-06-03 22:00:00,22,3,6,34.12777020278344,1,1166,219.08353223469888,0.20693640337708882,45.0282
2025-06-03 23:00:00,23,3,6,34.99871574372516,1,1194,217.8363801610979,0.200877326389032,44.2008
2025-06-04 00:00:00,0,4,6,30.655224669434368,1,1201,224.5733589941185,0.2051386651973445,44.70219999999997
2025-06-04 01:00:00,1,4,6,31.954659657595748,1,1177,221.88474795272194,0.20303453965718066,44.640599999999985
2025-06-04 02:00:00,2,4,6,33.55813492619488,1,1151,217.24333654149785,0.21329643049063984,46.98389999999997
2025-06-04 03:00:00,3,4,6,34.19432205646772,1,1209,216.09308492703562,0.2108150695980681,45.70220000000001
2025-06-04 04:00:00,4,4,6,30.15447302965851,1,1198,220.56949184060343,0.21450032479671724,47.657300000000006
2025-06-04 05:00:00,5,4,6,30.54562741910062,1,1204,220.1603924195548,0.20854592370612934,46.01720000000001
2025-06-04 06:00:00,6,4,6,33.26664074213355,1,1176,219.43304724491506,0.1974328483915971,43.26000000000001
2025-06-04 07:00:00,7,4,6,30.628862951349355,1,1197,217.12640791486317,0.2266105166922177,49.298099999999984
2025-06-04 08:00:00,8,4,6,30.13230337013979,1,1166,222.12703685703036,0.23336057447390562,50.682899999999975
2025-06-04 09:00:00,9,4,6,31.096039645808393,1,1200,221.8675637543176,0.21024960728715775,46.3742
2025-06-04 10:00:00,10,4,6,27.590895642385632,1,1156,219.3138548834412,0.22227839684792491,48.444299999999984
2025-06-04 11:00:00,11,4,6,32.08873447259032,1,1173,217.62663293582582,0.20615682207117464,44.81910000000002
2025-06-04 12:00:00,12,4,6,31.15958912152332,1,1169,220.83590378208743,0.1983130881204958,43.8948
2025-06-04 13:00:00,13,4,6,29.565340378112083,1,1184,219.73096259219395,0.20675223452654232,46.17270000000002
2025-06-04 14:00:00,14,4,6,31.017171861382646,1,1178,219.11195552944622,0.20930339843473728,45.88610000000001
2025-06-04 15:00:00,15,4,6,34.33391989494001,1,1159,217.62554249256038,0.1898108677734692,41.70970000000002
2025-06-04 16:00:00,16,4,6,28.646789710001126,1,1161,222.68548584740316,0.21757791788004047,47.715199999999975
2025-06-04 17:00:00,17,4,6,32.034822992305706,1,1150,220.88111320891514,0.19870974895549162,43.52229999999999
2025-06-04 18:00:00,18,4,6,31.547646886676684,1,1178,219.21444175621704,0.2244663890155166,49.19089999999996
2025-06-04 19:00:00,19,4,6,29.8030124368803,1,1210,218.14735522212575,0.1937123840173922,43.21180000000001
2025-06-04 20:00:00,20,4,6,30.76491179004151,1,1184,222.22710037518414,0.1949452150973251,42.710100000000004
2025-06-04 21:00:00,21,4,6,33.740860963794475,1,1150,218.84569690479051,0.22851462731066682,50.57330000000001
2025-06-04 22:00:00,22,4,6,31.0113357110391,1,1198,221.04141022437986,0.2181109686237163,47.99409999999998
2025-06-04 23:00:00,23,4,6,31.21876537778554,1,1180,218.38686476287896,0.19574495104623385,43.03759999999999
2025-06-05 00:00:00,0,5,6,32.52305871036603,1,1196,220.88846713607967,0.20843249198585703,45.936900000000016
2025-06-05 01:00:00,1,5,6,32.614837487178264,1,1158,218.2650910591724,0.20696200724702574,44.88839999999998
2025-06-05 02:00:00,2,5,6,32.84787943393337,1,1212,218.6407075761456,0.207622383420564,45.27199999999999
2025-06-05 03:00:00,3,5,6,33.37453004260552,1,1193,218.22699136579743,0.21733147835122862,47.06409999999997
2025-06-05 04:00:00,4,5,6,34.17387422550632,1,1219,217.31171545184708,0.22860892870205338,49.41310000000002
2025-06-05 05:00:00,5,5,6,32.244582274751096,1,1163,217.69597967605347,0.21501668174212765,46.816199999999974
2025-06-05 06:00:00,6,5,6,31.41023957214443,1,1161,221.42354389055913,0.218801894968727,47.81209999999997
2025-06-05 07:00:00,7,5,6,32.06910180091751,1,1182,220.47037036089668,0.21763624863841366,48.165099999999974
2025-06-05 08:00:00,8,5,6,30.111884799991245,1,1218,218.4827439410764,0.21526563156132647,46.975700000000025
2025-06-05 09:00:00,9,5,6,33.11153179956734,1,1164,215.59091982977873,0.22224899285546348,47.78060000000003
2025-06-05 10:00:00,10,5,6,31.942203542292518,1,1207,220.1416548772291,0.21322473034515224,47.24879999999999
2025-06-05 11:00:00,11,5,6,31.36219761096834,1,1198,223.78894488323806,0.21135713712896106,46.63870000000001
2025-06-05 12:00:00,12,5,6,30.67170785247429,1,1175,218.56572599019216,0.21484274743326773,46.90880000000002
2025-06-05 13:00:00,13,5,6,32.23785627760817,1,1191,216.97013669658133,0.20419022620434477,44.39490000000001
2025-06-05 14:00:00,14,5,6,33.48258453909797,1,1180,218.02170265589785,0.1864332028883374,42.01169999999998
2025-06-05 15:00:00,15,5,6,30.685124716845365,1,1169,221.48622410752142,0.2083474496807013,46.29090000000005
2025-06-05 16:00:00,16,5,6,33.335378923586404,1,1173,220.96306554277365,0.20120324588636404,43.9859
2025-06-05 17:00:00,17,5,6,32.293808981805014,1,1177,220.9524450056456,0.21814319979170424,48.09319999999998
2025-06-05 18:00:00,18,5,6,31.661822801738772,1,1162,218.22552761080112,0.21013786404841536,45.640100000000004
2025-06-05 19:00:00,19,5,6,31.945100412341617,1,1173,217.5655927307793,0.21274453735330703,47.16679999999999
2025-06-05 20:00:00,20,5,6,32.14253906700046,1,1197,217.77921093443592,0.19530629309974828,42.44670000000001
2025-06-05 21:00:00,21,5,6,28.620856921116726,1,1173,220.7116017588491,0.21054461146702436,46.42510000000002
2025-06-05 22:00:00,22,5,6,33.80442716973693,1,1202,217.04682549202298,0.21073318267549765,45.3615
2025-06-05 23:00:00,23,5,6,30.292086945915887,1,1179,217.807504056641,0.20763305019665004,45.11130000000001
2025-06-06 00:00:00,0,6,6,31.43558164232709,1,1173,221.6823474523349,0.17924204780240263,41.82479999999999
2025-06-06 01:00:00,1,6,6,32.59605448388527,1,1167,215.6572610649342,0.20118069498568844,43.43170000000002
2025-06-06 02:00:00,2,6,6,32.146978559039454,1,1188,219.57523654925282,0.2276936144510795,50.04600000000003
2025-06-06 03:00:00,3,6,6,29.242388898676957,1,1201,218.06138587363554,0.20592262608299516,44.43789999999999
2025-06-06 04:00:00,4,6,6,30.333908401605708,1,1193,218.7909863758855,0.19649948665417472,42.763900000000014
2025-06-06 05:00:00,5,6,6,30.312326564050657,1,1177,219.9446826585941,0.19843614119072803,43.49099999999998
2025-06-06 06:00:00,6,6,6,33.75896761630001,1,1187,224.07557590939354,0.2114250825829384,46.707400000000014
2025-06-06 07:00:00,7,6,6,33.06671154461586,1,1204,218.19723593370648,0.21399053637921686,46.82769999999998
2025-06-06 08:00:00,8,6,6,32.08443776555701,1,1194,220.1854886175106,0.21648195080204666,47.40039999999997
2025-06-06 09:00:00,9,6,6,32.41134434220238,1,1169,219.09735497421087,0.206657622387063,45.21140000000001
2025-06-06 10:00:00,10,6,6,33.63134701411265,1,1205,217.99700976574715,0.19947367196238078,43.379799999999996
2025-06-06 11:00:00,11,6,6,29.62519313363427,1,1187,216.4364868107419,0.21169036911743694,45.93039999999999
2025-06-06 12:00:00,12,6,6,29.92946103705116,1,1196,218.3603167300011,0.20213794797699267,43.618899999999975
2025-06-06 13:00:00,13,6,6,32.61848180752836,1,1198,220.17789692306624,0.20145351262225425,44.2587
2025-06-06 14:00:00,14,6,6,31.942924038220013,1,1215,216.8136618659305,0.2107988405639942,45.8091
2025-06-06 15:00:00,15,6,6,34.59172752850086,1,1172,221.68988028914188,0.20438677273935016,45.10729999999999
2025-06-06 16:00:00,16,6,6,28.977418356823534,1,1159,219.5148126189586,0.20655238974029866,45.982200000000006
2025-06-06 17:00:00,17,6,6,32.119498488522325,1,1182,220.33140968280307,0.21226976651607732,47.2717
2025-06-06 18:00:00,18,6,6,33.608127448178216,1,1192,218.71487955414355,0.2125773053654564,47.388200000000005
2025-06-06 19:00:00,19,6,6,33.241366568994614,1,1189,216.7550208972671,0.2066353715567014,44.899699999999974
2025-06-06 20:00:00,20,6,6,30.228700690648626,1,1203,219.7772639607795,0.1972476492397509,43.02130000000002
2025-06-06 21:00:00,21,6,6,33.96929217830318,1,1204,220.9506850175055,0.19693449877968422,43.42130000000003
2025-06-06 22:00:00,22,6,6,31.858612395419705,1,1176,222.29963370330134,0.21080175365567871,46.43980000000004
2025-06-06 23:00:00,23,6,6,31.645010642411048,1,1210,223.66311909233468,0.20451357466862108,45.23210000000001
2025-06-07 00:00:00,0,7,6,31.838441609009557,1,1192,222.51856539471535,0.2234592886831012,48.827299999999966
2025-06-07 01:00:00,1,7,6,33.84105583439407,1,1213,218.96312742762933,0.2092190557475783,45.2233
2025-06-07 02:00:00,2,7,6,33.34718265786523,1,1176,221.51808465496134,0.20976527337019693,46.22460000000003
2025-06-07 03:00:00,3,7,6,32.68218125883077,1,1159,219.9119174732287,0.22144940086936848,48.71609999999999
2025-06-07 04:00:00,4,7,6,34.249947570720124,1,1191,226.77308157824208,0.2080241189211935,45.784800000000004
2025-06-07 05:00:00,5,7,6,34.274518519631386,1,1186,224.26924495003158,0.20751651103876284,45.72580000000001
2025-06-07 06:00:00,6,7,6,33.53588426172255,1,1193,222.6638271768677,0.20770774456309016,45.82650000000002
2025-06-07 07:00:00,7,7,6,32.388630170436755,1,1183,221.0310493679752,0.191524605389269,42.83849999999998
2025-06-07 08:00:00,8,7,6,32.98151164103438,1,1158,220.3818982920786,0.2076533694590792,45.843800000000016
2025-06-07 09:00:00,9,7,6,31.547684964048308,1,1151,219.71695396605293,0.2047523936801687,45.21950000000002
2025-06-07 10:00:00,10,7,6,32.64919639307183,1,1166,217.05524969577283,0.21791182660450334,47.188199999999995
2025-06-07 11:00:00,11,7,6,33.49694071371525,1,1206,219.36221495340425,0.20933972997860412,45.711600000000004
2025-06-07 12:00:00,12,7,6,34.649610540867045,1,1198,223.7502731124461,0.22738360901573246,51.036300000000004
2025-06-07 13:00:00,13,7,6,31.099724372455924,1,1208,224.46229928025969,0.2272266899286217,50.67410000000004
2025-06-07 14:00:00,14,7,6,31.99479693619062,1,1203,217.28346291437902,0.2229320771333784,48.341500000000025
2025-06-07 15:00:00,15,7,6,32.6609744673818,1,1192,219.44960650071997,0.1972493486912056,43.26750000000003
2025-06-07 16:00:00,16,7,6,31.889960188834596,1,1189,220.26561865589426,0.2096748500881052,46.35660000000003
2025-06-07 17:00:00,17,7,6,33.07177033194335,1,1194,218.92626057167934,0.21478058618942092,47.15269999999999
2025-06-07 18:00:00,18,7,6,30.53122406774595,1,1191,216.7126313146756,0.19888845983497722,43.508100000000006
2025-06-07 19:00:00,19,7,6,32.47502982824745,1,1192,217.75024513920712,0.20542725661203864,44.72580000000001
2025-06-07 20:00:00,20,7,6,27.355196342069654,1,1199,218.02776315191224,0.20182506186642413,43.84029999999998
2025-06-07 21:00:00,21,7,6,28.98563828179018,1,1186,219.52067623493843,0.20583802106642213,45.50969999999998
2025-06-07 22:00:00,22,7,6,33.20559467153691,1,1219,219.188865286769,0.21122518227021206,46.37969999999999
2025-06-07 23:00:00,23,7,6,29.571747428045214,1,1168,219.38585927186983,0.2214688927333237,48.445699999999995
2025-06-08 00:00:00,0,8,6,30.275624090460557,1,1153,222.1100900325555,0.2053968951714916,44.727799999999995
2025-06-08 01:00:00,1,8,6,31.619141800848563,1,1218,219.6227156214242,0.20430765159288983,44.96240000000001
2025-06-08 02:00:00,2,8,6,30.749772676934793,1,1201,220.3909688697291,0.22188719041835947,48.921699999999966
2025-06-08 03:00:00,3,8,6,35.35979615239166,1,1214,217.92785797676572,0.22313371657983805,48.69780000000001
2025-06-08 04:00:00,4,8,6,31.12117160021974,1,1168,218.19792549246105,0.21581507569271047,47.18100000000002
2025-06-08 05:00:00,5,8,6,32.829592442136004,1,1190,221.27955589347079,0.22637206857712444,49.8896
2025-06-08 06:00:00,6,8,6,30.71837374700825,1,1217,216.4966759857296,0.21369602306074897,46.02170000000002
2025-06-08 07:00:00,7,8,6,33.41354433624522,1,1181,218.73353545363517,0.20568381227378882,44.587500000000006
2025-06-08 08:00:00,8,8,6,31.26972169273631,1,1208,214.60711141664487,0.22246954204787647,47.779600000000016
2025-06-08 09:00:00,9,8,6,34.4713131203621,1,1193,217.08409871990492,0.20519052658666892,44.24320000000001
2025-06-08 10:00:00,10,8,6,32.9824100885375,1,1192,216.95688906767168,0.18943120232604824,41.41259999999999
2025-06-08 11:00:00,11,8,6,32.203744439836434,1,1170,215.2859044541166,0.20635642725431938,44.15910000000002
2025-06-08 12:00:00,12,8,6,33.50498333013926,1,1191,219.81703394809438,0.21332277249992798,47.498400000000004
2025-06-08 13:00:00,13,8,6,32.2298282795834,1,1185,220.40761245630912,0.20266783710587738,44.77770000000003
2025-06-08 14:00:00,14,8,6,31.865268866314878,1,1206,218.7648989664701,0.20825704261780886,44.928999999999995
2025-06-08 15:00:00,15,8,6,33.23695082344568,1,1156,219.4053219196014,0.20597619322122787,45.1143
2025-06-08 16:00:00,16,8,6,33.04616408901271,1,1188,219.90996756295928,0.20856461671567006,46.09070000000001
2025-06-08 17:00:00,17,8,6,35.35144915020963,1,1168,219.58283548599798,0.19908608271106323,43.49619999999997
2025-06-08 18:00:00,18,8,6,30.97631320063392,1,1155,223.087532069345,0.2012111465479703,44.41620000000001
2025-06-08 19:00:00,19,8,6,28.943191489441144,1,1203,217.60438168120638,0.21919851030260412,47.458099999999995
2025-06-08 20:00:00,20,8,6,33.684987471758724,1,1179,218.63769368266708,0.19987161763075997,43.937
2025-06-08 21:00:00,21,8,6,32.036215400682934,1,1166,219.4277445196912,0.2068748748558341,45.565500000000014
2025-06-08 22:00:00,22,8,6,33.58096269152415,1,1166,219.3929629392207,0.2082363656509235,45.508900000000004
2025-06-08 23:00:00,23,8,6,31.83846294860513,1,1213,218.58893655860405,0.20090411185847096,44.1583
2025-06-09 00:00:00,0,9,6,31.354390984259148,1,1210,220.59613656186346,0.21940610234611266,48.2672
2025-06-09 01:00:00,1,9,6,30.802608064076633,1,1211,219.66570952972654,0.2173578844177682,47.31149999999998
2025-06-09 02:00:00,2,9,6,30.490908947353475,1,1195,221.6621995743311,0.2179997037655958,48.127700000000004
2025-06-09 03:00:00,3,9,6,30.148013745699224,1,1196,220.5725676847568,0.217464744403327,47.68399999999999
2025-06-09 04:00:00,4,9,6,33.45550553130136,1,1209,221.52768860617218,0.2094145683491612,46.01610000000001
2025-06-09 05:00:00,5,9,6,33.45321314017766,1,1201,219.8336807270182,0.21008531738858335,46.376500000000036
2025-06-09 06:00:00,6,9,6,31.09117198701272,1,1155,221.24009416572045,0.1917380488770267,42.516799999999996
2025-06-09 07:00:00,7,9,6,31.864384064035914,1,1182,219.08192493350688,0.22781610576502856,50.19960000000002
2025-06-09 08:00:00,8,9,6,34.6761899330394,1,1217,220.39836303750647,0.20885852594031304,45.96840000000002
2025-06-09 09:00:00,9,9,6,31.933529871886652,1,1187,222.4945538411624,0.20830071729932545,45.86650000000002
2025-06-09 10:00:00,10,9,6,29.910004952201547,1,1164,218.56967663203028,0.20655773334434063,45.404100000000014
2025-06-09 11:00:00,11,9,6,30.749605241773,1,1204,220.97963894610146,0.19511121249593497,42.73220000000001
2025-06-09 12:00:00,12,9,6,31.516134597808342,1,1216,220.25068361937056,0.20000857918084436,44.28079999999999
2025-06-09 13:00:00,13,9,6,33.738433088424664,1,1151,219.33036553280172,0.2100276210550179,46.33620000000002
2025-06-09 14:00:00,14,9,6,32.02609672606274,1,1158,218.7033784642092,0.20464626317722534,44.57949999999999
2025-06-09 15:00:00,15,9,6,31.279840276986747,1,1174,221.05943478687934,0.19901794886743598,44.2089
2025-06-09 16:00:00,16,9,6,29.893868360428996,1,1194,215.80100646589378,0.2241793128809389,48.29729999999999
2025-06-09 17:00:00,17,9,6,31.88797538641093,1,1175,216.03253327632564,0.2048429682805424,43.897700000000015
2025-06-09 18:00:00,18,9,6,34.63582437409169,1,1185,223.29947245121662,0.22670953262319665,51.05949999999998
2025-06-09 19:00:00,19,9,6,33.13986135744737,1,1178,221.7564536762052,0.2017719902928972,44.0417
2025-06-09 20:00:00,20,9,6,30.503515022146637,1,1181,220.83996746149919,0.22058177537890264,48.6321
2025-06-09 21:00:00,21,9,6,32.05664960997993,1,1157,219.5483158926927,0.23236182632525954,50.62780000000001
2025-06-09 22:00:00,22,9,6,32.51283331207609,1,1174,220.90822967361117,0.2188861004739576,48.29569999999998
2025-06-09 23:00:00,23,9,6,31.36186829246725,1,1156,220.2938891120637,0.19342191364252773,42.53819999999997
2025-06-10 00:00:00,0,10,6,29.49604959542611,1,1159,219.79897189415897,0.20158633729388462,44.17679999999999
2025-06-10 01:00:00,1,10,6,32.442166721545405,1,1195,229.24195020219713,0.20334896384514398,44.55930000000002
2025-06-10 02:00:00,2,10,6,29.60876583642831,1,1206,219.69619665620232,0.21306168366155379,47.21080000000002
2025-06-10 03:00:00,3,10,6,34.23920285444218,1,1193,222.20847836514542,0.19496288932345254,42.51330000000003
2025-06-10 04:00:00,4,10,6,31.831370348599446,1,1203,220.51852948261845,0.2027883241458075,44.96960000000001
2025-06-10 05:00:00,5,10,6,31.250960970830377,1,1179,222.55871785005215,0.19713918531308205,43.48640000000001
2025-06-10 06:00:00,6,10,6,33.57163751567137,1,1209,217.72453344948943,0.19832118645568253,43.57139999999998
2025-06-10 07:00:00,7,10,6,30.842921418526057,1,1202,223.90190739031584,0.1952034335945285,42.63040000000003
2025-06-10 08:00:00,8,10,6,30.87039043345588,1,1166,222.67946016448496,0.20328173872887936,44.8028
2025-06-10 09:00:00,9,10,6,31.972862813136132,1,1155,220.98481689875607,0.20259625869506076,44.74270000000002
2025-06-10 10:00:00,10,10,6,32.05931038494832,1,1204,218.97676763547395,0.23120793968471537,50.29470000000002
2025-06-10 11:00:00,11,10,6,32.82123862223656,1,1187,219.72427886179798,0.2192851839214609,48.071799999999996
2025-06-10 12:00:00,12,10,6,31.3131164995508,1,1157,221.0343062087696,0.22002870683234366,48.259999999999955
2025-06-10 13:00:00,13,10,6,31.543547421106005,1,1182,216.11774378567551,0.20766865110903843,45.01779999999998
2025-06-10 14:00:00,14,10,6,30.605941860802325,1,1219,222.40582869239512,0.2138855115482695,47.48690000000002
2025-06-10 15:00:00,15,10,6,33.002415027033685,1,1202,219.2805467124196,0.23582672462455656,51.18019999999999
2025-06-10 16:00:00,16,10,6,33.28139376194073,1,1164,221.7859026677206,0.21029450720515344,46.39730000000003
2025-06-10 17:00:00,17,10,6,33.59987200874825,1,1197,222.203708476504,0.2227368796533111,48.660799999999966
2025-06-10 18:00:00,18,10,6,30.097319353939415,1,1166,216.40889678576963,0.22285233930277248,48.2994
2025-06-10 19:00:00,19,10,6,29.872341360667775,1,1159,222.35208420051487,0.21553959990258073,47.11729999999998
2025-06-10 20:00:00,20,10,6,33.604994193821966,1,1183,224.03940121132774,0.21795586170885603,48.095999999999975
2025-06-10 21:00:00,21,10,6,30.270841157543384,1,1153,216.29842916354244,0.21186255981894894,46.147000000000006
2025-06-10 22:00:00,22,10,6,32.42188361766857,1,1153,219.25837320613553,0.19910305604246864,43.50449999999998
2025-06-10 23:00:00,23,10,6,33.96987470450382,1,1191,217.02143229562773,0.20939355454306474,44.94330000000001
2025-06-11 00:00:00,0,11,6,30.837841241147174,1,1176,221.3850361665283,0.2118089645428855,47.25090000000001
2025-06-11 01:00:00,1,11,6,33.26093425527636,1,1211,219.24879528393637,0.21733943629891225,47.328999999999986
2025-06-11 02:00:00,2,11,6,31.528184565012864,1,1185,217.26310996463943,0.20887915654432873,45.46260000000001
2025-06-11 03:00:00,3,11,6,34.019646195046086,1,1166,216.9524967158223,0.21440140805883812,46.71029999999997
2025-06-11 04:00:00,4,11,6,31.843197698576137,1,1199,216.70070559738096,0.2035751054364012,43.6161
2025-06-11 05:00:00,5,11,6,29.84192617926073,1,1200,217.37105098485458,0.2145595580739618,47.03709999999999
2025-06-11 06:00:00,6,11,6,29.037042067678176,1,1217,219.7920909630027,0.2069745236175562,46.04710000000001
2025-06-11 07:00:00,7,11,6,33.69597966511585,1,1163,219.8769334710178,0.20469328140050908,45.3703
2025-06-11 08:00:00,8,11,6,31.953026201939313,1,1152,218.40429815071644,0.2294159202412528,50.006400000000006
2025-06-11 09:00:00,9,11,6,33.6325868208997,1,1207,219.42541040655905,0.2094608460454614,45.70740000000001
2025-06-11 10:00:00,10,11,6,33.531112693330776,1,1157,220.05472275240854,0.21029592255481536,46.31890000000002
2025-06-11 11:00:00,11,11,6,31.86857596766441,1,1152,221.88350208211645,0.21406094087854408,46.95510000000001
2025-06-11 12:00:00,12,11,6,30.9773243560558,1,1193,220.6885911717403,0.200625056268215,44.348800000000026
2025-06-11 13:00:00,13,11,6,33.82878545352936,1,1191,223.3401516896851,0.21106566539982166,46.71110000000002
2025-06-11 14:00:00,14,11,6,29.186300593798023,1,1182,219.0861318734462,0.21631662841145619,47.23339999999998
2025-06-11 15:00:00,15,11,6,33.60689867866909,1,1202,221.17571804555965,0.19759800278282535,43.98790000000001
2025-06-11 16:00:00,16,11,6,31.52587064684137,1,1159,221.63453375974592,0.22483423917612194,49.83289999999998
2025-06-11 17:00:00,17,11,6,31.198120233351798,1,1207,219.03104593382847,0.21352217015852776,46.8544
2025-06-11 18:00:00,18,11,6,33.89963772880513,1,1204,221.32044527178485,0.2145048479105195,47.54880000000002
2025-06-11 19:00:00,19,11,6,31.671614531455266,1,1200,224.2315451827279,0.22911154006220058,50.41290000000001
2025-06-11 20:00:00,20,11,6,30.898421251786075,1,1196,218.64366910566181,0.20409499243289336,44.54329999999999
2025-06-11 21:00:00,21,11,6,30.892658731078825,1,1197,217.6445117245708,0.2107992837736138,45.47539999999998
2025-06-11 22:00:00,22,11,6,27.889240162255607,1,1209,221.28167900416122,0.20968633576731588,46.60120000000003
2025-06-11 23:00:00,23,11,6,32.29115606159723,1,1162,216.66586623096916,0.21161328092865045,46.06090000000001
2025-06-12 00:00:00,0,12,6,31.836749152729798,1,1154,222.86607621322966,0.20964776060061976,46.1944
2025-06-12 01:00:00,1,12,6,32.331214300978274,1,1163,221.12390709647897,0.21130908337411697,46.48670000000002
2025-06-12 02:00:00,2,12,6,30.429112676811755,1,1179,222.27276389423383,0.23469023126195737,50.8622
2025-06-12 03:00:00,3,12,6,34.10640558135338,1,1201,223.66880874772508,0.19893964582584167,44.175599999999996
2025-06-12 04:00:00,4,12,6,30.37623585911548,1,1179,220.74340471704846,0.21087676930687044,46.6747
2025-06-12 05:00:00,5,12,6,33.54946972338268,1,1180,221.127224196844,0.2165997817600089,47.7741
2025-06-12 06:00:00,6,12,6,33.01562191862276,1,1188,220.85927013654836,0.21734761768516755,47.7254
2025-06-12 07:00:00,7,12,6,34.978505594002634,1,1168,217.5657413419123,0.20197367095133328,44.60439999999998
2025-06-12 08:00:00,8,12,6,32.86459475157967,1,1213,217.46260775979175,0.22299328812874777,48.321700000000035
2025-06-12 09:00:00,9,12,6,32.272856558261914,1,1171,220.88887245010687,0.2049021981075903,45.39390000000001
2025-06-12 10:00:00,10,12,6,31.53857937882158,1,1206,220.19100281688864,0.21998928247880634,48.57279999999998
2025-06-12 11:00:00,11,12,6,31.53441891875702,1,1209,218.76616720329932,0.21229547998233605,46.58410000000001
2025-06-12 12:00:00,12,12,6,33.30883128096518,1,1158,219.8251998730788,0.20761179650876735,46.141500000000015
2025-06-12 13:00:00,13,12,6,32.67245304950961,1,1182,222.7859106623756,0.21123048323795143,46.57770000000002
2025-06-12 14:00:00,14,12,6,33.32723621438412,1,1172,219.02210270792355,0.18833894459163963,42.0754
2025-06-12 15:00:00,15,12,6,32.99382953636019,1,1174,218.9715140781927,0.21220271686603243,46.82900000000001
2025-06-12 16:00:00,16,12,6,31.414827965014087,1,1188,221.83404859585022,0.21464013769649648,47.528600000000026
2025-06-12 17:00:00,17,12,6,31.634786031177775,1,1177,220.8045792513881,0.20875074589989795,46.44380000000001
2025-06-12 18:00:00,18,12,6,31.37310223521493,1,1200,220.82030432790046,0.21510795834141913,47.39100000000002
2025-06-12 19:00:00,19,12,6,33.97299390440767,1,1193,217.86463176529614,0.20276564063225153,43.892199999999974
2025-06-12 20:00:00,20,12,6,33.096487668700085,1,1200,223.58055224153537,0.19661306626326858,43.35580000000004
2025-06-12 21:00:00,21,12,6,28.98869981688504,1,1185,216.60925311935696,0.20833601666469725,45.2367
2025-06-12 22:00:00,22,12,6,32.82007128314557,1,1204,222.95877156809885,0.19895053548270158,43.89240000000001
2025-06-12 23:00:00,23,12,6,30.455667522875352,1,1161,222.66149164911195,0.21503027164747637,47.21340000000002
2025-06-13 00:00:00,0,13,6,34.00479446998092,1,1171,223.3593195283158,0.2160835667035237,47.8056
2025-06-13 01:00:00,1,13,6,33.7238371789875,1,1216,221.21478293002278,0.20983315288346674,46.349500000000006
2025-06-13 02:00:00,2,13,6,30.963169638247933,1,1196,224.26029290307144,0.1952156509717819,42.548700000000025
2025-06-13 03:00:00,3,13,6,32.360377261370836,1,1178,225.11073689687854,0.19978855167070608,44.268899999999995
2025-06-13 04:00:00,4,13,6,31.417290711800497,1,1150,217.93442271390634,0.2026599182358018,43.5563
2025-06-13 05:00:00,5,13,6,31.35360001263145,1,1207,222.14273750506464,0.21565874563135323,47.78779999999999
2025-06-13 06:00:00,6,13,6,29.14044860192457,1,1209,221.57307529356237,0.19454620805617423,42.738700000000016
2025-06-13 07:00:00,7,13,6,31.93121414956983,1,1156,218.39369888811478,0.21626210403613436,46.90440000000002
2025-06-13 08:00:00,8,13,6,31.46421422897563,1,1152,219.55935521129462,0.21246566803646838,46.50829999999999
2025-06-13 09:00:00,9,13,6,29.7951162970949,1,1169,220.61009349257523,0.2261159010415335,49.54160000000001
2025-06-13 10:00:00,10,13,6,30.955829636111517,1,1163,217.01698719786248,0.2184258838547679,47.400300000000016
2025-06-13 11:00:00,11,13,6,35.434285764270086,1,1205,220.88436204113532,0.22071266971123232,48.556699999999985
2025-06-13 12:00:00,12,13,6,31.21087601464163,1,1174,218.0205631721591,0.21428433833064736,46.5982
2025-06-13 13:00:00,13,13,6,32.124872390697966,1,1186,223.34746964661255,0.21392015184446078,47.44290000000001
2025-06-13 14:00:00,14,13,6,31.663987621069268,1,1206,218.0602084189425,0.20760017010100024,45.36019999999999
2025-06-13 15:00:00,15,13,6,33.54941323819055,1,1217,219.84549488954923,0.22229559257239562,48.57890000000003
2025-06-13 16:00:00,16,13,6,31.727348816389604,1,1190,218.7658066288095,0.21236094356007137,46.750899999999994
2025-06-13 17:00:00,17,13,6,32.71405467400969,1,1194,217.78480935121092,0.20280333959795355,43.889399999999966
2025-06-13 18:00:00,18,13,6,30.64288610877253,1,1193,217.94428414214082,0.2128121339918972,46.6522
2025-06-13 19:00:00,19,13,6,30.37862697497266,1,1186,216.0833961767027,0.2068799278193577,45.112599999999986
2025-06-13 20:00:00,20,13,6,31.041778008397348,1,1171,218.84569277464513,0.21207989932965757,46.8724
2025-06-13 21:00:00,21,13,6,33.5215972243102,1,1176,222.66665319755506,0.20336494893650356,44.559900000000006
2025-06-13 22:00:00,22,13,6,31.66819540003271,1,1185,219.4035552459868,0.20881377868124013,45.78939999999998
2025-06-13 23:00:00,23,13,6,32.95958145219743,1,1202,221.46657853178533,0.20715485176734008,46.47510000000004
2025-06-14 00:00:00,0,14,6,32.79796206728914,1,1177,219.3880970304358,0.21328118900120197,46.70520000000001
2025-06-14 01:00:00,1,14,6,35.403068607599906,1,1208,220.7484547195,0.21826082455272497,48.16620000000001
2025-06-14 02:00:00,2,14,6,32.0371076505007,1,1188,217.68754274583998,0.19972188631103488,43.44100000000001
2025-06-14 03:00:00,3,14,6,33.314840647082434,1,1171,222.17232112763335,0.214027215179537,47.6214
2025-06-14 04:00:00,4,14,6,34.33856014227704,1,1209,222.2527723809136,0.2063437987431821,45.61869999999999
2025-06-14 05:00:00,5,14,6,32.22099571329685,1,1207,220.2313920025056,0.21970148859472077,48.340899999999976
2025-06-14 06:00:00,6,14,6,32.50848349303733,1,1186,219.56075068764426,0.22553313343331682,49.773700000000005
2025-06-14 07:00:00,7,14,6,32.028588785036334,1,1179,217.57421787265773,0.22929227818071,49.66660000000002
2025-06-14 08:00:00,8,14,6,31.498802093052895,1,1196,219.16953456869481,0.21274530930430183,46.7895
2025-06-14 09:00:00,9,14,6,30.782474700624736,1,1192,219.18292947297428,0.22418471353506705,49.015099999999954
2025-06-14 10:00:00,10,14,6,31.600559170582862,1,1219,214.0931198750689,0.2187657555620988,46.51600000000002
2025-06-14 11:00:00,11,14,6,32.49629155661799,1,1150,218.67698918260703,0.21205960374431057,46.438200000000016
2025-06-14 12:00:00,12,14,6,29.826621067694866,1,1212,219.55007415314097,0.20553407307326638,45.463
2025-06-14 13:00:00,13,14,6,31.701353764847617,1,1204,218.53643424979964,0.21747613014439832,47.26109999999996
2025-06-14 14:00:00,14,14,6,35.41826530638801,1,1206,221.0416738934572,0.21251677796600713,47.36050000000002
2025-06-14 15:00:00,15,14,6,33.58109816495219,1,1196,214.30608355995656,0.21584784567675688,45.90510000000002
2025-06-14 16:00:00,16,14,6,31.325378590168413,1,1153,224.42547902419483,0.21250926233871528,46.96860000000001
2025-06-14 17:00:00,17,14,6,34.038858936262905,1,1183,221.1419542536256,0.20579872647631917,46.23360000000003
2025-06-14 18:00:00,18,14,6,31.95358984439101,1,1215,218.61089356925874,0.22760044562399287,50.10129999999998
2025-06-14 19:00:00,19,14,6,32.976708215850145,1,1219,220.8018975036245,0.1960673044871974,43.03010000000002
2025-06-14 20:00:00,20,14,6,34.9963408281489,1,1175,218.93383871010397,0.21824119204914955,47.776900000000005
2025-06-14 21:00:00,21,14,6,33.59780173036603,1,1170,222.44855991776743,0.2069613121519376,46.273300000000035
2025-06-14 22:00:00,22,14,6,31.844293075207084,1,1219,220.04292980297362,0.21563114975593284,47.25329999999998
2025-06-14 23:00:00,23,14,6,28.807708111446345,1,1171,219.8012008707257,0.2285520596599977,50.52640000000003
2025-06-15 00:00:00,0,15,6,33.47670932431426,1,1214,221.0134623341998,0.21713671169200313,47.907900000000026
2025-06-15 01:00:00,1,15,6,29.415296017504975,1,1167,221.32428164838922,0.19332014555062912,42.5507
2025-06-15 02:00:00,2,15,6,33.54496067470464,1,1165,220.75049302669717,0.19027211254310256,41.9299
2025-06-15 03:00:00,3,15,6,33.31172794658852,1,1195,220.0196062357614,0.22478589343773564,49.42519999999995
2025-06-15 04:00:00,4,15,6,30.66094759546557,1,1157,218.51283736949287,0.21444529499362747,46.61980000000001
2025-06-15 05:00:00,5,15,6,33.45931159568382,1,1184,221.51959196495943,0.22248147356669984,48.580999999999946
2025-06-15 06:00:00,6,15,6,32.084924712734605,1,1208,223.5586340077701,0.2169805475556465,47.886999999999986
2025-06-15 07:00:00,7,15,6,32.35844666237615,1,1173,219.6006759031295,0.20437832930480987,45.1106
2025-06-15 08:00:00,8,15,6,34.05423849593488,1,1192,221.63775091079805,0.2135719546599575,47.612600000000015
2025-06-15 09:00:00,9,15,6,31.990040516316576,1,1209,217.95371393867018,0.2179862966089236,47.12869999999998
2025-06-15 10:00:00,10,15,6,30.119748487962703,1,1176,221.26271299667562,0.2041331044533636,45.25739999999998
2025-06-15 11:00:00,11,15,6,34.416487254803776,1,1197,220.9704055796473,0.21302774585990608,47.51150000000003
2025-06-15 12:00:00,12,15,6,30.810961722135122,1,1191,218.65703735924518,0.2193253215603357,47.97589999999998
2025-06-15 13:00:00,13,15,6,31.164256028964548,1,1156,221.37050063505345,0.2297279838310372,50.717000000000006
2025-06-15 14:00:00,14,15,6,31.32707934786635,1,1193,221.73917190759278,0.21609314137145788,47.49830000000001
2025-06-15 15:00:00,15,15,6,32.71723230023362,1,1203,218.9722925401133,0.19783264582767582,43.8228
2025-06-15 16:00:00,16,15,6,27.109390542394397,1,1216,218.30704745435995,0.2015879184543974,43.93410000000001
2025-06-15 17:00:00,17,15,6,32.475758190208815,1,1156,222.44443917941453,0.19281359712127624,42.74100000000001
2025-06-15 18:00:00,18,15,6,32.92800280509854,1,1154,221.35240875709968,0.2092641535508381,46.361200000000025
2025-06-15 19:00:00,19,15,6,33.33487799967856,1,1164,218.94083455561437,0.2144192052486612,47.09580000000001
2025-06-15 20:00:00,20,15,6,30.376324643646964,1,1192,218.44060657329237,0.21227113504143003,46.84880000000001
2025-06-15 21:00:00,21,15,6,31.837850034338846,1,1195,222.05555670200715,0.20319006836200199,44.50750000000001
2025-06-15 22:00:00,22,15,6,31.639045846709863,1,1215,219.8502082810484,0.21980337784402776,48.28629999999998
2025-06-15 23:00:00,23,15,6,31.87061602440384,1,1184,217.49196541618628,0.19698909415657764,42.89120000000002
2025-06-16 00:00:00,0,16,6,29.74044192163887,1,1189,222.7963715404032,0.20617496344922762,45.41579999999998
2025-06-16 01:00:00,1,16,6,32.057260261026535,1,1181,223.15117188469816,0.22142106955100835,48.33389999999996
2025-06-16 02:00:00,2,16,6,32.35937947789105,1,1174,219.48496096044795,0.20921441639363905,45.59580000000002
2025-06-16 03:00:00,3,16,6,31.643532788186704,1,1153,221.27328668962994,0.21091779366273555,46.685900000000004
2025-06-16 04:00:00,4,16,6,33.519456814680225,1,1153,222.15013421551603,0.19254784469341962,42.63790000000003
2025-06-16 05:00:00,5,16,6,29.777360233854036,1,1177,219.90950351410143,0.22222785230523043,48.87279999999998
2025-06-16 06:00:00,6,16,6,31.75640173587888,1,1219,218.96227480126544,0.1993916655306874,43.8013
2025-06-16 07:00:00,7,16,6,31.001135724536987,1,1160,216.06521243857682,0.20747902397217685,45.03380000000002
2025-06-16 08:00:00,8,16,6,29.79819105688687,1,1214,218.6931477110939,0.21738934354745007,47.42980000000001
2025-06-16 09:00:00,9,16,6,30.926152564325772,1,1166,220.3967458031677,0.1957470419488119,42.61359999999999
2025-06-16 10:00:00,10,16,6,30.309991470061195,1,1197,220.66606092514397,0.20001549650546105,44.21490000000001
2025-06-16 11:00:00,11,16,6,33.61231004586848,1,1199,223.22841178761428,0.22297005562200076,48.53809999999995
2025-06-16 12:00:00,12,16,6,31.744616221247913,1,1195,220.23178888426153,0.20603124987656823,46.15729999999999
2025-06-16 13:00:00,13,16,6,33.21573912774178,1,1168,218.30113129981456,0.21392303868338905,46.7929
2025-06-16 14:00:00,14,16,6,33.54124251695106,1,1186,217.1541880612176,0.22688327974378508,49.55969999999999
2025-06-16 15:00:00,15,16,6,31.87983532894231,1,1172,217.21510796831296,0.1988172396828666,43.82129999999997
2025-06-16 16:00:00,16,16,6,31.65160588633542,1,1170,220.94479581592435,0.2115852933558622,47.369900000000015
2025-06-16 17:00:00,17,16,6,29.131969513816774,1,1153,220.76378601069797,0.19999724573921357,43.885200000000026
2025-06-16 18:00:00,18,16,6,34.184376045659235,1,1204,218.93236938817878,0.21129300292869843,46.045300000000026
2025-06-16 19:00:00,19,16,6,29.869041743941846,1,1204,220.06494176876407,0.19410277352621252,42.478699999999996
2025-06-16 20:00:00,20,16,6,32.74637163111121,1,1184,220.66595433904956,0.1941570009692468,42.71489999999998
2025-06-16 21:00:00,21,16,6,33.8696177217495,1,1155,221.7264603627726,0.22110083437412903,48.48229999999996
2025-06-16 22:00:00,22,16,6,33.07652897105797,1,1213,224.07525916202923,0.2012579507699862,44.22650000000001
2025-06-16 23:00:00,23,16,6,32.528519943734224,1,1198,217.73854728371225,0.207963480194036,44.85950000000002
2025-06-17 00:00:00,0,17,6,31.995534075339613,1,1204,222.206369691377,0.21654137306703936,47.8769
2025-06-17 01:00:00,1,17,6,33.54551183266165,1,1170,220.79854518179758,0.20471725847452263,45.15389999999999
2025-06-17 02:00:00,2,17,6,30.581854596754823,1,1157,221.2166345272426,0.22439969366247434,48.873199999999976
2025-06-17 03:00:00,3,17,6,32.96557494865671,1,1180,217.60742872854905,0.2077194781903985,44.95780000000001
2025-06-17 04:00:00,4,17,6,33.349732331071614,1,1213,218.7432337083642,0.20827394339529387,45.15730000000001
2025-06-17 05:00:00,5,17,6,31.83541777342404,1,1186,219.11941573210134,0.22239114036733926,48.60819999999997
2025-06-17 06:00:00,6,17,6,29.571533535556025,1,1161,218.3788432840182,0.20236756395833766,43.85370000000001
2025-06-17 07:00:00,7,17,6,31.717890825676697,1,1161,218.84791685406285,0.19894137162377853,43.81059999999999
2025-06-17 08:00:00,8,17,6,33.047710217136284,1,1209,220.70476337270864,0.22314094665824014,48.76329999999997
2025-06-17 09:00:00,9,17,6,32.0512446199893,1,1209,220.14588044611412,0.20534732542560014,45.50710000000001
2025-06-17 10:00:00,10,17,6,35.17917502373295,1,1180,221.40009046901096,0.20911176145997956,46.03630000000002
2025-06-17 11:00:00,11,17,6,33.49585756889297,1,1164,222.01933654538672,0.2036954858956299,45.01709999999997
2025-06-17 12:00:00,12,17,6,31.630007220113097,1,1179,215.79675680360114,0.21824599611954443,46.86229999999998
2025-06-17 13:00:00,13,17,6,33.98433867468275,1,1202,221.3160637840363,0.2155751086615619,47.60010000000002
2025-06-17 14:00:00,14,17,6,30.920236141356607,1,1168,216.24950402739043,0.2030292929789887,42.87870000000001
2025-06-17 15:00:00,15,17,6,32.27077045392482,1,1194,224.10216433065864,0.21050910474465123,46.668700000000015
2025-06-17 16:00:00,16,17,6,31.74002021083868,1,1170,222.3987404376268,0.20706749825519272,46.09420000000002
2025-06-17 17:00:00,17,17,6,32.271208562171886,1,1168,221.2690418754749,0.2170462119956998,47.77689999999996
2025-06-17 18:00:00,18,17,6,31.97915024525725,1,1167,220.17352958370898,0.21290699060388107,47.33169999999999
2025-06-17 19:00:00,19,17,6,32.67567155278839,1,1154,222.79820213435534,0.1947136892174659,42.801100000000005
2025-06-17 20:00:00,20,17,6,31.670152165291412,1,1152,220.89295768353338,0.20859188657605332,46.531600000000026
2025-06-17 21:00:00,21,17,6,29.97707204319304,1,1195,221.30265732386684,0.21244106852776387,47.07090000000002
2025-06-17 22:00:00,22,17,6,33.29305532670013,1,1187,220.84792031648774,0.1988372299997682,43.8558
2025-06-17 23:00:00,23,17,6,28.372917768231282,1,1168,221.79532875415424,0.2211525778259063,48.54939999999996
2025-06-18 00:00:00,0,18,6,33.51659162982783,1,1152,219.38395942346108,0.19418938638444197,42.35959999999999
2025-06-18 01:00:00,1,18,6,32.16692874673126,1,1156,221.10236890738778,0.21697601889096546,47.601799999999976
2025-06-18 02:00:00,2,18,6,31.512755952019706,1,1173,218.26286409951265,0.2113730377924201,45.65990000000001
2025-06-18 03:00:00,3,18,6,33.31382315738654,1,1173,222.18803204514325,0.21337569357449362,47.5932
2025-06-18 04:00:00,4,18,6,31.44753661667353,1,1166,221.69499784442405,0.20348336411180662,45.083099999999966
2025-06-18 05:00:00,5,18,6,31.894120358937208,1,1204,221.83519979213708,0.2228809375302968,48.602399999999946
2025-06-18 06:00:00,6,18,6,29.818964038544046,1,1187,218.59773279824245,0.21199968148868467,46.820700000000016
2025-06-18 07:00:00,7,18,6,32.57197895091349,1,1187,223.79992149751112,0.21960590223647294,48.28819999999999
2025-06-18 08:00:00,8,18,6,31.685197623976343,1,1209,220.21418912267748,0.2053533299617052,45.60169999999998
2025-06-18 09:00:00,9,18,6,31.04895563514295,1,1187,220.80670100679845,0.20914679499938757,46.123200000000026
2025-06-18 10:00:00,10,18,6,33.911817423212995,1,1158,219.95229350764615,0.21924763229710303,47.99269999999999
2025-06-18 11:00:00,11,18,6,31.80210158152082,1,1189,215.6947197389572,0.2160012201150392,45.594100000000005
2025-06-18 12:00:00,12,18,6,31.594551991419802,1,1177,220.4995660368027,0.20533735701841602,45.6795
2025-06-18 13:00:00,13,18,6,32.89900071687846,1,1176,222.54107795609215,0.22641120105150903,50.28569999999997
2025-06-18 14:00:00,14,18,6,32.519904701749766,1,1207,220.58640603825845,0.20763238216520696,46.198200000000014
2025-06-18 15:00:00,15,18,6,30.5524410946951,1,1200,218.4521668303847,0.2028079141049347,43.8376
2025-06-18 16:00:00,16,18,6,28.856365636908478,1,1208,218.03508548317706,0.23482910549892125,51.10079999999997
2025-06-18 17:00:00,17,18,6,33.45786020990408,1,1199,219.41075989135825,0.2156906893809611,47.33449999999999
2025-06-18 18:00:00,18,18,6,33.5337199044954,1,1180,220.12912882465852,0.21949376259286643,48.51639999999998
2025-06-18 19:00:00,19,18,6,31.6772514523579,1,1163,215.20298116787424,0.19930083460079645,42.812699999999985
2025-06-18 20:00:00,20,18,6,34.31864365164865,1,1150,221.82678744668172,0.20956796645040335,46.31360000000004
2025-06-18 21:00:00,21,18,6,31.448277291969646,1,1182,220.0632913998218,0.20695090718116788,46.39169999999999
2025-06-18 22:00:00,22,18,6,28.187788853123717,1,1194,218.37870910742333,0.22377846294486314,48.96989999999999
2025-06-18 23:00:00,23,18,6,30.52956025120182,1,1155,215.9234344775215,0.20692653796399477,45.00360000000001
2025-06-19 00:00:00,0,19,6,31.051360746551996,1,1205,218.83950302229252,0.20889902449137882,45.48710000000003
2025-06-19 01:00:00,1,19,6,32.67582840997197,1,1182,217.2522167144105,0.22143597167132728,47.83080000000001
2025-06-19 02:00:00,2,19,6,31.649023598731258,1,1176,220.3303931418315,0.21835979007186054,48.52809999999997
2025-06-19 03:00:00,3,19,6,31.917230262546312,1,1183,219.71798333932378,0.1927265548234625,42.359799999999986
2025-06-19 04:00:00,4,19,6,34.101589460352926,1,1212,221.61673009874767,0.23045592597604012,50.6431
2025-06-19 05:00:00,5,19,6,32.50424580124051,1,1183,219.3963037995829,0.20592837901885527,45.150499999999994
2025-06-19 06:00:00,6,19,6,28.97372582916163,1,1180,218.33174805397206,0.22956030304812788,49.7402
2025-06-19 07:00:00,7,19,6,32.181038813495796,1,1219,222.02283430690397,0.19690309946712892,43.63720000000002
2025-06-19 08:00:00,8,19,6,30.23676724474618,1,1170,215.32147870580914,0.21962438502876672,47.09490000000001
2025-06-19 09:00:00,9,19,6,33.35589487914681,1,1211,218.5965635544845,0.2278174576823253,50.2803
2025-06-19 10:00:00,10,19,6,31.761319154608262,1,1153,221.5644554602786,0.18967898815632725,42.44959999999999
2025-06-19 11:00:00,11,19,6,31.69620185513653,1,1165,218.94985574962675,0.20956135205646134,45.66220000000001
2025-06-19 12:00:00,12,19,6,30.401844025740314,1,1177,220.3948900536831,0.19985712881287537,44.095499999999994
2025-06-19 13:00:00,13,19,6,32.23333825237575,1,1209,218.67360640264212,0.21481692889771126,46.544100000000014
2025-06-19 14:00:00,14,19,6,32.012419146550656,1,1188,223.36057374703748,0.19892732468718774,44.21679999999999
2025-06-19 15:00:00,15,19,6,32.60702462202759,1,1172,224.29318124689672,0.19456454392945527,42.74909999999998
2025-06-19 16:00:00,16,19,6,32.017366773639715,1,1215,220.72745138270457,0.19408016193356442,42.59989999999996
2025-06-19 17:00:00,17,19,6,32.460839150904086,1,1193,217.46855975134866,0.2091941030244467,45.026
2025-06-19 18:00:00,18,19,6,30.592041527323765,1,1172,219.68030482204693,0.19507963566621683,42.30149999999997
2025-06-19 19:00:00,19,19,6,31.10187977097165,1,1207,221.59678350847543,0.21425671031660043,47.30220000000002
2025-06-19 20:00:00,20,19,6,28.758582262538635,1,1207,220.3815323152683,0.19732357992007457,43.01610000000001
2025-06-19 21:00:00,21,19,6,28.770119668946897,1,1186,221.3184355281428,0.21581729490265358,47.6222
2025-06-19 22:00:00,22,19,6,34.50809903056677,1,1171,221.31514036690086,0.20188018551927925,44.208400000000005
2025-06-19 23:00:00,23,19,6,32.51130685820349,1,1191,218.97594005577886,0.20155741428575472,43.8314
2025-06-20 00:00:00,0,20,6,30.31221400287413,1,1159,220.87361257527272,0.22213352722112886,48.956099999999985
2025-06-20 01:00:00,1,20,6,28.6703201324095,1,1161,218.4150948716022,0.19879192536319076,43.67630000000001
2025-06-20 02:00:00,2,20,6,31.224825913770342,1,1207,218.13575889786694,0.2194433395204203,47.73359999999999
2025-06-20 03:00:00,3,20,6,33.17375734056014,1,1169,223.94290729382817,0.21211409669838244,47.5602
2025-06-20 04:00:00,4,20,6,32.13824889546667,1,1193,222.50436428725214,0.21406435194698184,47.71180000000001
2025-06-20 05:00:00,5,20,6,33.93376155205156,1,1153,222.41701196648395,0.21915042423343586,47.917299999999976
2025-06-20 06:00:00,6,20,6,32.32640091092213,1,1206,217.94021476227232,0.22262010167236174,48.48230000000002
2025-06-20 07:00:00,7,20,6,33.91997194024862,1,1215,220.05937873268434,0.1998149784495331,44.20449999999999
2025-06-20 08:00:00,8,20,6,29.45792503732548,1,1209,220.85048644960852,0.21846530577678208,48.421099999999996
2025-06-20 09:00:00,9,20,6,31.959868541287584,1,1171,224.39241226754717,0.22014126592293484,48.529699999999984
2025-06-20 10:00:00,10,20,6,31.58830406239841,1,1165,223.2642399045388,0.21297431245688778,47.454699999999995
2025-06-20 11:00:00,11,20,6,32.71993155789811,1,1200,222.6982551182239,0.21811195058141458,48.49079999999997
2025-06-20 12:00:00,12,20,6,29.120376615754875,1,1165,219.84830974412176,0.19998720178981116,44.089
2025-06-20 13:00:00,13,20,6,33.59877963311402,1,1153,219.0024371263883,0.2043136375260027,44.35849999999999
2025-06-20 14:00:00,14,20,6,33.015668598068316,1,1172,221.20652674437272,0.21038745526636154,46.57530000000003
2025-06-20 15:00:00,15,20,6,33.67542613012859,1,1194,220.16260607639123,0.2039388432746563,45.4775
2025-06-20 16:00:00,16,20,6,33.90673188968482,1,1178,219.06880538249422,0.19150275724504917,42.02489999999998
2025-06-20 17:00:00,17,20,6,28.602525194435394,1,1169,222.1342773107241,0.2074596581866185,46.37550000000002
2025-06-20 18:00:00,18,20,6,32.57693735308483,1,1151,220.93718170764276,0.2170206877536866,47.59799999999998
2025-06-20 19:00:00,19,20,6,32.23093049888136,1,1188,218.25350776064852,0.20860361200424615,44.90429999999999
2025-06-20 20:00:00,20,20,6,30.14473782598528,1,1161,220.59386602624784,0.2182896213009359,48.01869999999999
2025-06-20 21:00:00,21,20,6,30.852951324055276,1,1156,216.0741234493919,0.21179669395044906,46.11630000000002
2025-06-20 22:00:00,22,20,6,30.52510774918174,1,1169,218.33100424429503,0.22023648973659293,48.05159999999998
2025-06-20 23:00:00,23,20,6,30.722228880501557,1,1219,220.93165530348946,0.2080657213296486,46.69170000000002
2025-06-21 00:00:00,0,21,6,33.109387193873,1,1158,221.00331653514115,0.19840704937586795,43.925399999999975
2025-06-21 01:00:00,1,21,6,34.96787288301551,1,1202,220.78768900505727,0.21846545544090987,48.2508
2025-06-21 02:00:00,2,21,6,33.287584036079004,1,1175,220.03136064712538,0.1987312703245242,43.99079999999999
2025-06-21 03:00:00,3,21,6,30.54088551011983,1,1198,227.67902596623736,0.2168582554306954,48.09300000000001
2025-06-21 04:00:00,4,21,6,31.41055786082281,1,1211,220.80078622512144,0.20582102200916644,46.03829999999998
2025-06-21 05:00:00,5,21,6,31.359785249548782,1,1168,219.85253766112166,0.20882050192011137,45.985000000000035
2025-06-21 06:00:00,6,21,6,30.205670276722884,1,1191,222.54577556072897,0.2087494257397989,45.911100000000005
2025-06-21 07:00:00,7,21,6,31.602888830318413,1,1151,220.9376811112591,0.22587101859043496,49.781499999999994
2025-06-21 08:00:00,8,21,6,29.59340400571403,1,1215,223.75866172803845,0.21576382907156347,48.07540000000003
2025-06-21 09:00:00,9,21,6,33.34516359706906,1,1184,220.46823062147524,0.2061223449095822,45.87840000000001
2025-06-21 10:00:00,10,21,6,29.91650792118893,1,1210,224.08111180027353,0.22536358449747457,49.3671
2025-06-21 11:00:00,11,21,6,31.610475641925564,1,1168,219.25393725644946,0.21111848834526992,46.43250000000003
2025-06-21 12:00:00,12,21,6,34.23599264433712,1,1192,220.9793690755881,0.19410164531004176,42.846699999999984
2025-06-21 13:00:00,13,21,6,28.925368691729464,1,1201,223.44153562512196,0.21365146193462406,47.5034
2025-06-21 14:00:00,14,21,6,31.580305305103188,1,1168,218.76024965725435,0.20539107715904628,44.37030000000001
2025-06-21 15:00:00,15,21,6,33.488680574885585,1,1196,224.01360580418898,0.20180529515346743,44.467299999999994
2025-06-21 16:00:00,16,21,6,31.867654637132734,1,1172,221.34436471809474,0.2110940104190762,46.89030000000002
2025-06-21 17:00:00,17,21,6,33.416663737038895,1,1183,220.34296745638122,0.1997269770687588,43.77159999999999
2025-06-21 18:00:00,18,21,6,33.21974937609308,1,1168,220.28087633783122,0.21662421242720428,47.961899999999986
2025-06-21 19:00:00,19,21,6,30.732352746929276,1,1199,214.00083420296485,0.2169149695024999,46.163999999999994
2025-06-21 20:00:00,20,21,6,32.9118090122321,1,1188,221.54189124795806,0.22017768587523007,48.35309999999997
2025-06-21 21:00:00,21,21,6,32.00253239030026,1,1193,221.27940534689392,0.2102951699256247,46.660600000000024
2025-06-21 22:00:00,22,21,6,29.731027895942795,1,1157,222.34188925441936,0.20964470810303046,46.24090000000002
2025-06-21 23:00:00,23,21,6,33.90794580563587,1,1173,218.9993562099831,0.2113891915473888,45.913900000000034
2025-06-22 00:00:00,0,22,6,31.92456775915738,1,1171,217.3127062932842,0.22513943078717955,49.0992
2025-06-22 01:00:00,1,22,6,29.66572715382935,1,1164,218.26684535757613,0.2061008871498726,44.03319999999997
2025-06-22 02:00:00,2,22,6,30.588257340160872,1,1187,220.80781015884855,0.19738678239194912,43.32899999999999
2025-06-22 03:00:00,3,22,6,31.82765821340883,1,1168,224.3122981917724,0.21977422583116202,48.45509999999999
2025-06-22 04:00:00,4,22,6,30.973070219648836,1,1178,221.60629523012705,0.2238326918294074,48.98609999999996
2025-06-22 05:00:00,5,22,6,31.366978734440814,1,1206,218.2673947462608,0.2018600436726744,43.58669999999999
2025-06-22 06:00:00,6,22,6,33.22435566362357,1,1195,219.13225283405697,0.22949823152691656,50.44350000000002
2025-06-22 07:00:00,7,22,6,31.376138208691074,1,1209,222.60927032205075,0.2173112558279572,48.297000000000004
2025-06-22 08:00:00,8,22,6,29.315815325114656,1,1155,223.8286077224081,0.2216372478423025,48.61049999999998
2025-06-22 09:00:00,9,22,6,31.64950584704657,1,1175,221.40612345004703,0.2052719220589556,45.376900000000006
2025-06-22 10:00:00,10,22,6,32.22299272261636,1,1212,218.2886386300616,0.22543845696209805,49.26210000000001
2025-06-22 11:00:00,11,22,6,32.0240703552549,1,1215,221.22266525882162,0.1996678149255377,44.26729999999998
2025-06-22 12:00:00,12,22,6,32.28689990459542,1,1201,219.7017423358568,0.22208260243454464,48.46339999999999
2025-06-22 13:00:00,13,22,6,34.60236118198532,1,1209,222.8766086003464,0.2034282968415851,45.15039999999998
2025-06-22 14:00:00,14,22,6,33.36164278622025,1,1159,218.09386943384519,0.21831097354346934,47.263499999999986
2025-06-22 15:00:00,15,22,6,35.540099117022415,1,1158,221.99625532192115,0.2096958786210233,46.43530000000001
2025-06-22 16:00:00,16,22,6,33.71423151476352,1,1190,217.60572342407008,0.2019522450101891,43.80909999999998
2025-06-22 17:00:00,17,22,6,31.67284811838893,1,1188,222.38547395655272,0.21081509455518505,46.64130000000001
2025-06-22 18:00:00,18,22,6,29.9669028884055,1,1162,221.2703969015908,0.1978722513797673,43.77760000000002
2025-06-22 19:00:00,19,22,6,32.87313487247749,1,1172,217.53174252510206,0.2056593608299551,44.81560000000003
2025-06-22 20:00:00,20,22,6,29.825875960639223,1,1181,224.08404058170618,0.22225175758820911,48.678899999999956
2025-06-22 21:00:00,21,22,6,33.198074959277925,1,1162,218.20402917674028,0.22209851677587397,48.507000000000005
2025-06-22 22:00:00,22,22,6,31.69514496525934,1,1199,220.68912920486784,0.2105615253288655,46.58750000000002
2025-06-22 23:00:00,23,22,6,33.391843102170306,1,1185,222.77414573066235,0.20378993155163955,45.24639999999999
2025-06-23 00:00:00,0,23,6,33.55334223654267,1,1186,219.96253993643373,0.21000000149148093,46.2067
2025-06-23 01:00:00,1,23,6,31.457686979875994,1,1166,218.51650190492728,0.19699971679376194,43.35749999999999
2025-06-23 02:00:00,2,23,6,31.938388317186686,1,1150,221.21180796885358,0.1993473715006261,44.12309999999999
2025-06-23 03:00:00,3,23,6,32.32365617881338,1,1217,220.4747137142402,0.21750293601398712,48.3741
2025-06-23 04:00:00,4,23,6,33.80103534212849,1,1166,222.65201543800922,0.21366108077662668,47.876999999999995
2025-06-23 05:00:00,5,23,6,32.87188385291374,1,1190,215.51195786919916,0.2092208422644013,44.887900000000016
2025-06-23 06:00:00,6,23,6,32.556877267520626,1,1215,218.65594456455602,0.19609576347624855,42.8799
2025-06-23 07:00:00,7,23,6,31.212584649753943,1,1194,219.58423895806726,0.20864485964133359,45.985299999999995
2025-06-23 08:00:00,8,23,6,33.57013058820858,1,1164,222.58417524831873,0.19588393338765753,42.96300000000002
2025-06-23 09:00:00,9,23,6,34.792520063165846,1,1207,217.56352286333762,0.21009892452595752,45.50659999999999
2025-06-23 10:00:00,10,23,6,33.1735736432102,1,1182,223.5913732583944,0.1972132540548453,43.547599999999996
2025-06-23 11:00:00,11,23,6,33.777472664732,1,1172,218.1736010697197,0.20370443562759577,44.0954
2025-06-23 12:00:00,12,23,6,31.733076194774686,1,1181,222.42464760680045,0.2193914165925705,48.68369999999998
2025-06-23 13:00:00,13,23,6,29.30404210183631,1,1187,221.65233008996603,0.21479780821679986,47.6159
2025-06-23 14:00:00,14,23,6,31.61923796768449,1,1181,225.02067591725034,0.2074838499011039,46.113199999999985
2025-06-23 15:00:00,15,23,6,34.37828644675242,1,1153,222.43902354240396,0.20250828754830424,44.950699999999976
2025-06-23 16:00:00,16,23,6,33.93897544765286,1,1186,221.1670936854233,0.20346529189971438,45.017799999999994
2025-06-23 17:00:00,17,23,6,31.441117010790474,1,1189,219.00054015964807,0.2054018240684868,44.626400000000004
2025-06-23 18:00:00,18,23,6,33.28073602393378,1,1204,220.88005218646768,0.208210838645979,46.39060000000001
2025-06-23 19:00:00,19,23,6,32.43028964774431,1,1178,213.5618272895808,0.20517407210492075,43.62719999999999
2025-06-23 20:00:00,20,23,6,31.329801034619287,1,1212,220.2714505059058,0.2073928135557992,46.258199999999995
2025-06-23 21:00:00,21,23,6,32.08796068227299,1,1181,221.9166663964885,0.20802181872667366,46.33850000000001
2025-06-23 22:00:00,22,23,6,32.65131885479301,1,1170,221.03109433130274,0.1869929055393409,42.51109999999998
2025-06-23 23:00:00,23,23,6,33.170246818858885,1,1217,223.65295903715383,0.20590863556400524,46.07960000000002
2025-06-24 00:00:00,0,24,6,32.074867461628166,1,1191,223.4947823021464,0.21289016522504145,47.33909999999999
2025-06-24 01:00:00,1,24,6,34.228785638646265,1,1161,221.64023212532467,0.1974046241087935,43.5037
2025-06-24 02:00:00,2,24,6,32.61308553368703,1,1181,220.74045576451917,0.21319939387788064,47.44780000000001
2025-06-24 03:00:00,3,24,6,30.11446169068173,1,1157,223.16199888719575,0.19653156111275202,43.49400000000001
2025-06-24 04:00:00,4,24,6,33.36786204678681,1,1213,220.2746018998367,0.21056310678321782,46.60520000000001
2025-06-24 05:00:00,5,24,6,33.34597151411635,1,1154,219.7019936855439,0.21022319686364319,46.245400000000025
2025-06-24 06:00:00,6,24,6,33.23449509053712,1,1160,217.99902750162548,0.21364454443656258,46.628
2025-06-24 07:00:00,7,24,6,29.78617219716932,1,1169,221.42838044762834,0.23121515846659021,50.37039999999998
2025-06-24 08:00:00,8,24,6,31.9537100648531,1,1188,219.8533480250723,0.21268256937695054,47.564900000000016
2025-06-24 09:00:00,9,24,6,30.66215831406215,1,1190,218.5391215381178,0.21303756881651553,46.658500000000004
2025-06-24 10:00:00,10,24,6,31.633238568874592,1,1179,220.75622235969652,0.19698580318118109,43.37459999999998
2025-06-24 11:00:00,11,24,6,32.74830248256547,1,1205,221.65015632144127,0.20725540553183117,46.056900000000006
2025-06-24 12:00:00,12,24,6,31.032065510686696,1,1177,219.32156354737927,0.20163341756331607,44.014799999999994
2025-06-24 13:00:00,13,24,6,33.387019033005714,1,1159,216.8203794973187,0.2098331986661232,45.2892
2025-06-24 14:00:00,14,24,6,34.225001594846,1,1150,223.15787206413827,0.20347846933709174,44.862499999999976
2025-06-24 15:00:00,15,24,6,31.667407665970057,1,1201,219.0484034279802,0.20018850419216547,43.77
2025-06-24 16:00:00,16,24,6,30.62347433833967,1,1184,221.90178601180762,0.2241043424731277,49.06039999999997
2025-06-24 17:00:00,17,24,6,30.601461468847045,1,1162,221.31631794217517,0.1968387187800116,43.36679999999999
2025-06-24 18:00:00,18,24,6,33.38633879910597,1,1177,220.52473306848694,0.20253584037902736,44.763900000000014
2025-06-24 19:00:00,19,24,6,30.434338396375125,1,1210,218.16623285886158,0.2225859966442906,48.88220000000001
2025-06-24 20:00:00,20,24,6,31.609590470525955,1,1179,217.97539954619612,0.2069540991260428,45.1395
2025-06-24 21:00:00,21,24,6,31.49518648003112,1,1215,220.96714298883066,0.19753619771467196,43.7134
2025-06-24 22:00:00,22,24,6,33.36573063312618,1,1182,222.03072510998328,0.2178119097846321,48.31769999999999
2025-06-24 23:00:00,23,24,6,34.84733343813227,1,1171,222.18146629245206,0.21223632592460873,47.61260000000003
2025-06-25 00:00:00,0,25,6,31.397439148318256,1,1218,217.90544633823646,0.2057238413197661,44.000699999999995
2025-06-25 01:00:00,1,25,6,29.36604997342109,1,1200,222.9972411177426,0.22392609082759785,48.839399999999976
2025-06-25 02:00:00,2,25,6,34.27645511003739,1,1154,223.06064809785872,0.19856408644215104,44.19009999999999
2025-06-25 03:00:00,3,25,6,29.367458616225683,1,1206,220.90484664684172,0.2075876502079344,45.8385
2025-06-25 04:00:00,4,25,6,33.32294745830026,1,1203,216.846956357326,0.20907481197208827,44.96320000000001
2025-06-25 05:00:00,5,25,6,31.192533162245173,1,1150,220.13944108380923,0.1959930667595025,42.720200000000006
2025-06-25 06:00:00,6,25,6,31.640704369992342,1,1163,220.92737434786463,0.19471973160125342,42.76349999999998
2025-06-25 07:00:00,7,25,6,30.039336963538176,1,1192,219.80399588868605,0.2111288086692451,46.394500000000015
2025-06-25 08:00:00,8,25,6,29.819181360228832,1,1168,217.94949325516728,0.2179981857456631,47.2038
2025-06-25 09:00:00,9,25,6,31.073154736249776,1,1162,221.17660223430445,0.21653608092157095,47.752700000000004
2025-06-25 10:00:00,10,25,6,33.32813012219498,1,1166,218.72493937517115,0.1965002054599643,43.690599999999996
2025-06-25 11:00:00,11,25,6,33.629046440007336,1,1169,220.4331561715564,0.20091794032401203,44.43549999999999
2025-06-25 12:00:00,12,25,6,30.463787584824605,1,1177,216.5342979055684,0.20406204111920162,43.74969999999999
2025-06-25 13:00:00,13,25,6,30.15076309589285,1,1198,220.82310970618457,0.20979245818793088,46.17640000000002
2025-06-25 14:00:00,14,25,6,32.045402057898436,1,1202,215.3867167656298,0.20484693092256953,44.196400000000004
2025-06-25 15:00:00,15,25,6,33.56885539367216,1,1184,218.9678948652397,0.19986492146912405,44.023699999999984
2025-06-25 16:00:00,16,25,6,29.76210128213713,1,1188,223.51668915425503,0.21520931987349967,47.68830000000002
2025-06-25 17:00:00,17,25,6,31.64964676737893,1,1153,220.20609684289758,0.20442533330410168,45.7505
2025-06-25 18:00:00,18,25,6,31.081004709550538,1,1215,217.88186018418975,0.20449390340069956,44.280100000000004
2025-06-25 19:00:00,19,25,6,34.234646884624155,1,1205,216.99431733769686,0.22555036562434563,49.23919999999999
2025-06-25 20:00:00,20,25,6,32.44286450665367,1,1199,217.2896244865755,0.21748890904400275,47.27879999999999
2025-06-25 21:00:00,21,25,6,32.02761706604882,1,1174,222.20940478303706,0.22071709714737325,48.510099999999944
2025-06-25 22:00:00,22,25,6,33.00826240541445,1,1180,219.5506912775348,0.20342412443557,44.380800000000015
2025-06-25 23:00:00,23,25,6,30.913524270296232,1,1192,219.90792954786738,0.20838869638059382,46.0307
2025-06-26 00:00:00,0,26,6,33.355908973116655,1,1186,220.1394358929561,0.20996172577930988,46.0555
2025-06-26 01:00:00,1,26,6,32.63361571397882,1,1175,220.73909364579453,0.2113102102797087,46.58880000000003
2025-06-26 02:00:00,2,26,6,32.8185660156757,1,1213,221.6557261270337,0.20262055038482163,44.97190000000001
2025-06-26 03:00:00,3,26,6,34.56223500732575,1,1173,223.38416008177322,0.2144794384777132,47.810700000000004
2025-06-26 04:00:00,4,26,6,30.828969963776743,1,1194,217.6393552213808,0.2069903873013052,45.121700000000004
2025-06-26 05:00:00,5,26,6,31.883609957276967,1,1169,221.48019337488668,0.21985664841577662,48.41959999999997
2025-06-26 06:00:00,6,26,6,35.16032653859014,1,1207,220.5819465977424,0.22570552208072373,49.87330000000001
2025-06-26 07:00:00,7,26,6,28.88151098858899,1,1159,221.80173154618203,0.20917767281376498,45.67999999999999
2025-06-26 08:00:00,8,26,6,30.840137164975506,1,1153,218.49126150955433,0.20875252994255744,45.40650000000001
2025-06-26 09:00:00,9,26,6,26.83738294776901,1,1168,224.99590835008985,0.21425329953528213,47.5744
2025-06-26 10:00:00,10,26,6,31.08318276620199,1,1175,218.50924186776234,0.2256354049254084,49.6504
2025-06-26 11:00:00,11,26,6,33.03229226545507,1,1170,220.86900407411665,0.20220035832867292,44.426000000000016
2025-06-26 12:00:00,12,26,6,32.21120076535135,1,1215,216.7912091953804,0.20769935260162226,44.87500000000002
2025-06-26 13:00:00,13,26,6,31.352966702949793,1,1201,225.275923442199,0.2065012575273995,45.903400000000005
2025-06-26 14:00:00,14,26,6,31.676145590633972,1,1159,221.54737951543495,0.2060763054802085,45.98920000000001
2025-06-26 15:00:00,15,26,6,32.69856329784032,1,1192,221.91734068033753,0.21795951659572202,48.39279999999998
2025-06-26 16:00:00,16,26,6,29.621182569482187,1,1183,218.44023485401377,0.20882412865396713,45.3828
2025-06-26 17:00:00,17,26,6,31.130795106091192,1,1213,225.7379103517707,0.20997000305327396,46.378299999999996
2025-06-26 18:00:00,18,26,6,31.926460825871718,1,1152,223.3950677743902,0.2232579627690459,48.588299999999954
2025-06-26 19:00:00,19,26,6,29.811554395446713,1,1216,222.09942255585884,0.21924113964548514,48.55149999999999
2025-06-26 20:00:00,20,26,6,33.83863201530914,1,1187,219.16668539283341,0.2045668623685913,44.724799999999995
2025-06-26 21:00:00,21,26,6,33.1238201353862,1,1203,222.1386193274903,0.20360356467832685,45.3225
2025-06-26 22:00:00,22,26,6,31.769466198830102,1,1212,218.5264463936579,0.2192579773367589,48.09169999999998
2025-06-26 23:00:00,23,26,6,33.622262846229596,1,1205,221.56746520631162,0.23048096148709765,50.910499999999985
2025-06-27 00:00:00,0,27,6,31.621675422173173,1,1203,221.65314415706175,0.22249445864895334,48.55169999999995
2025-06-27 01:00:00,1,27,6,32.0515734714926,1,1205,218.46607089226822,0.19579191885776775,43.073499999999996
2025-06-27 02:00:00,2,27,6,33.9294798167336,1,1198,220.68196754774436,0.2075040432710612,45.73460000000002
2025-06-27 03:00:00,3,27,6,31.176174460898842,1,1213,221.9175666254922,0.20356783788741356,44.89479999999999
2025-06-27 04:00:00,4,27,6,32.44424633771179,1,1214,218.93263026418114,0.20077907248831156,43.9414
2025-06-27 05:00:00,5,27,6,32.55369809660601,1,1171,220.54137248837245,0.21618136733528892,48.0261
2025-06-27 06:00:00,6,27,6,33.68716000284985,1,1199,221.21208180895187,0.19543710593896396,42.928999999999995
2025-06-27 07:00:00,7,27,6,32.09001021180672,1,1176,220.0628073679476,0.19733388731871165,43.6192
2025-06-27 08:00:00,8,27,6,34.41370512423237,1,1167,215.02297059744774,0.21175499865266229,45.587999999999994
2025-06-27 09:00:00,9,27,6,32.92928372160475,1,1154,219.48185062272987,0.20206501706028196,44.25069999999998
2025-06-27 10:00:00,10,27,6,32.1142823061054,1,1192,219.41711798131274,0.22005514308579707,48.622999999999976
2025-06-27 11:00:00,11,27,6,31.53344540807616,1,1217,221.86283472280087,0.19955017641749406,44.36819999999997
2025-06-27 12:00:00,12,27,6,32.46314141726242,1,1160,218.6431495348179,0.21190089842772328,46.528800000000025
2025-06-27 13:00:00,13,27,6,30.632499111495427,1,1152,219.92917045424016,0.18305512292901582,41.59309999999998
2025-06-27 14:00:00,14,27,6,32.79779270965026,1,1150,218.4049988944147,0.20568558957700617,44.62980000000002
2025-06-27 15:00:00,15,27,6,32.86113295787467,1,1171,219.07138336160688,0.20873354211685746,44.83450000000003
2025-06-27 16:00:00,16,27,6,31.523706536954137,1,1162,221.6583528274412,0.21791259915125108,48.01379999999997
2025-06-27 17:00:00,17,27,6,32.58024023363256,1,1202,218.52287394825098,0.19559201486111863,43.247700000000016
2025-06-27 18:00:00,18,27,6,32.68041571479871,1,1160,220.0268208923927,0.20694657763075341,45.97120000000002
2025-06-27 19:00:00,19,27,6,31.272068829855147,1,1176,218.76259790261398,0.21158727905443966,46.85660000000001
2025-06-27 20:00:00,20,27,6,32.0650907404958,1,1201,219.70853586377228,0.20493563676025586,45.48389999999999
2025-06-27 21:00:00,21,27,6,29.397704636273488,1,1194,217.21941454327478,0.20959134035737229,45.35289999999996
2025-06-27 22:00:00,22,27,6,30.6510973566955,1,1152,217.05912383844617,0.19126698749965626,41.70040000000001
2025-06-27 23:00:00,23,27,6,35.31520729135117,1,1181,220.56509000910697,0.2161616618349329,47.8199
2025-06-28 00:00:00,0,28,6,32.34779966731128,1,1188,220.24764290336054,0.21342588452019276,47.5
2025-06-28 01:00:00,1,28,6,32.19024903841127,1,1170,217.24419260435374,0.21603509193246456,47.28049999999999
2025-06-28 02:00:00,2,28,6,33.92999659466888,1,1189,219.6543396971963,0.22232945329558054,48.62439999999998
2025-06-28 03:00:00,3,28,6,34.08740398927398,1,1203,223.3062013183183,0.22722246465299914,50.781300000000016
2025-06-28 04:00:00,4,28,6,31.940581540092147,1,1151,216.2186651720654,0.21366628881256258,46.6199
2025-06-28 05:00:00,5,28,6,32.115734763958606,1,1195,215.97175307867988,0.20517272781829343,44.172
2025-06-28 06:00:00,6,28,6,34.848105026574956,1,1204,220.39181786720962,0.19444675848939058,42.838999999999984
2025-06-28 07:00:00,7,28,6,31.8696629413326,1,1205,217.8983508290776,0.1993330043993082,43.583899999999964
2025-06-28 08:00:00,8,28,6,32.64706502811098,1,1156,219.27919451373975,0.22268576339517954,48.845099999999974
2025-06-28 09:00:00,9,28,6,30.355442318782643,1,1151,218.3298377681277,0.2016793450791902,43.787299999999995
2025-06-28 10:00:00,10,28,6,32.85216283427408,1,1198,218.26777629146045,0.22281626961155795,48.449499999999986
2025-06-28 11:00:00,11,28,6,30.778364473905416,1,1165,220.87756810376578,0.21756081566251792,48.371700000000004
2025-06-28 12:00:00,12,28,6,31.87829694513456,1,1170,215.9456209182061,0.22076817121114345,47.408500000000025
2025-06-28 13:00:00,13,28,6,30.181659537766695,1,1164,220.38637314163964,0.21374526481145426,47.50919999999999
2025-06-28 14:00:00,14,28,6,32.22204757001803,1,1205,222.1453962355471,0.21848076589526905,48.51439999999999
2025-06-28 15:00:00,15,28,6,31.965763417529466,1,1159,220.83409287214332,0.21784021489074215,47.950499999999984
2025-06-28 16:00:00,16,28,6,33.22527367836626,1,1158,221.3590855288291,0.20886305306375427,46.34900000000002
2025-06-28 17:00:00,17,28,6,34.19155823094529,1,1219,223.86146842994881,0.20607163519675248,45.94750000000001
2025-06-28 18:00:00,18,28,6,33.048864568189266,1,1155,222.30927648054382,0.21254307670272843,47.657300000000006
2025-06-28 19:00:00,19,28,6,33.039320780610296,1,1163,220.18873686454174,0.2193175884956798,48.32309999999998
2025-06-28 20:00:00,20,28,6,32.21710633754077,1,1190,219.90218690006455,0.19488678038318177,42.9173
2025-06-28 21:00:00,21,28,6,32.199831997335565,1,1167,218.02660290714022,0.21051214969586887,45.05109999999999
2025-06-28 22:00:00,22,28,6,30.33124195074179,1,1184,220.37501875404905,0.19044346822695865,42.28699999999998
2025-06-28 23:00:00,23,28,6,32.013610438640974,1,1168,220.63438092354102,0.2105600644887786,46.762500000000024
